method,window,ratio,compressed_bits,mse,mae,input_dim
gorilla,0,1.120656634746922,3655,0.0,0.0,128
gorilla,1,1.083884625562318,3779,0.0,0.0,128
gorilla,2,1.2043516612760952,3401,0.0,0.0,128
gorilla,3,1.016377171215881,4030,0.0,0.0,128
gorilla,4,1.2132701421800949,3376,0.0,0.0,128
gorilla,5,1.104638619201726,3708,0.0,0.0,128
gorilla,6,1.158371040723982,3536,0.0,0.0,128
gorilla,7,0.9987807851743478,4101,0.0,0.0,128
gorilla,8,1.2329921733895244,3322,0.0,0.0,128
gorilla,9,1.238210399032648,3308,0.0,0.0,128
gorilla,10,1.0014669926650366,4090,0.0,0.0,128
gorilla,11,1.2226865671641791,3350,0.0,0.0,128
gorilla,12,0.9985372988785958,4102,0.0,0.0,128
gorilla,13,1.2560564244096903,3261,0.0,0.0,128
gorilla,14,1.0711297071129706,3824,0.0,0.0,128
gorilla,15,1.1286855883163407,3629,0.0,0.0,128
gorilla,16,1.0581245156290364,3871,0.0,0.0,128
gorilla,17,0.9630848812602869,4253,0.0,0.0,128
gorilla,18,1.0669445168012504,3839,0.0,0.0,128
gorilla,19,1.2241482367005379,3346,0.0,0.0,128
gorilla,20,1.2100443131462333,3385,0.0,0.0,128
gorilla,21,1.0603158167227544,3863,0.0,0.0,128
gorilla,22,1.2506870229007634,3275,0.0,0.0,128
gorilla,23,0.9538891476478808,4294,0.0,0.0,128
gorilla,24,0.9678638941398866,4232,0.0,0.0,128
gorilla,25,1.2197736748064325,3358,0.0,0.0,128
gorilla,26,1.2525993883792048,3270,0.0,0.0,128
gorilla,27,0.9717674970344009,4215,0.0,0.0,128
gorilla,28,1.0086185668554544,4061,0.0,0.0,128
gorilla,29,1.0054000981836033,4074,0.0,0.0,128
gorilla,30,0.962179938924125,4257,0.0,0.0,128
gorilla,31,0.9383734249713631,4365,0.0,0.0,128
gorilla,32,1.186902347145755,3451,0.0,0.0,128
gorilla,33,1.3073731248005107,3133,0.0,0.0,128
gorilla,34,1.2278177458033572,3336,0.0,0.0,128
gorilla,35,1.2285542891421715,3334,0.0,0.0,128
gorilla,36,1.132430190765828,3617,0.0,0.0,128
gorilla,37,1.2728402734617774,3218,0.0,0.0,128
gorilla,38,1.1040431266846362,3710,0.0,0.0,128
gorilla,39,1.12157721796276,3652,0.0,0.0,128
gorilla,40,0.9532231789620665,4297,0.0,0.0,128
gorilla,41,1.2118343195266272,3380,0.0,0.0,128
gorilla,42,1.2318796992481202,3325,0.0,0.0,128
gorilla,43,1.2618607516943932,3246,0.0,0.0,128
gorilla,44,1.2756150731859235,3211,0.0,0.0,128
gorilla,45,1.1987123207491952,3417,0.0,0.0,128
gorilla,46,1.010609425117197,4053,0.0,0.0,128
gorilla,47,1.210759680756725,3383,0.0,0.0,128
gorilla,48,1.0821664464993395,3785,0.0,0.0,128
gorilla,49,1.2828061384278109,3193,0.0,0.0,128
gorilla,50,1.2004689331770222,3412,0.0,0.0,128
gorilla,51,1.098123324396783,3730,0.0,0.0,128
gorilla,52,1.2400847714199212,3303,0.0,0.0,128
gorilla,53,1.1642978965321205,3518,0.0,0.0,128
gorilla,54,1.0143635463100544,4038,0.0,0.0,128
gorilla,55,0.9532231789620665,4297,0.0,0.0,128
gorilla,56,1.222321695016413,3351,0.0,0.0,128
gorilla,57,1.271260086902545,3222,0.0,0.0,128
gorilla,58,1.0319979843789369,3969,0.0,0.0,128
gorilla,59,1.28240450845335,3194,0.0,0.0,128
gorilla,60,1.0583979328165374,3870,0.0,0.0,128
gorilla,61,1.2114758947057083,3381,0.0,0.0,128
gorilla,62,0.9886555636012552,4143,0.0,0.0,128
gorilla,63,1.0564869744647924,3877,0.0,0.0,128
gorilla,64,1.235968617984309,3314,0.0,0.0,128
gorilla,65,1.2197736748064325,3358,0.0,0.0,128
gorilla,66,0.9715370018975332,4216,0.0,0.0,128
gorilla,67,1.2018779342723005,3408,0.0,0.0,128
gorilla,68,1.2412121212121212,3300,0.0,0.0,128
gorilla,69,1.1920838183934808,3436,0.0,0.0,128
gorilla,70,1.3040432983126393,3141,0.0,0.0,128
gorilla,71,1.1941690962099125,3430,0.0,0.0,128
gorilla,72,1.2828061384278109,3193,0.0,0.0,128
gorilla,73,1.2089728453364816,3388,0.0,0.0,128
gorilla,74,1.188279663475486,3447,0.0,0.0,128
gorilla,75,1.1274428846683182,3633,0.0,0.0,128
gorilla,76,1.2267145852051513,3339,0.0,0.0,128
gorilla,77,1.2150697122515575,3371,0.0,0.0,128
gorilla,78,1.2610837438423645,3248,0.0,0.0,128
gorilla,79,1.0448979591836736,3920,0.0,0.0,128
gorilla,80,0.9565623540401681,4282,0.0,0.0,128
gorilla,81,1.208259587020649,3390,0.0,0.0,128
gorilla,82,1.245742092457421,3288,0.0,0.0,128
gorilla,83,1.1875906059727457,3449,0.0,0.0,128
gorilla,84,1.2681114551083592,3230,0.0,0.0,128
gorilla,85,1.24954240390482,3278,0.0,0.0,128
gorilla,86,1.0066355369869746,4069,0.0,0.0,128
gorilla,87,1.0093642188270084,4058,0.0,0.0,128
gorilla,88,1.208259587020649,3390,0.0,0.0,128
gorilla,89,0.997078870496592,4108,0.0,0.0,128
gorilla,90,1.0702900444212176,3827,0.0,0.0,128
gorilla,91,0.9917675544794189,4130,0.0,0.0,128
gorilla,92,0.9862749819407657,4153,0.0,0.0,128
gorilla,93,1.3115593980147293,3123,0.0,0.0,128
gorilla,94,1.241588360109124,3299,0.0,0.0,128
gorilla,95,1.0026927784577724,4085,0.0,0.0,128
gorilla,96,0.9903288201160542,4136,0.0,0.0,128
gorilla,97,1.1875906059727457,3449,0.0,0.0,128
gorilla,98,1.2318796992481202,3325,0.0,0.0,128
gorilla,99,1.2018779342723005,3408,0.0,0.0,128
gorilla,100,1.1016675632060247,3718,0.0,0.0,128
gorilla,101,1.2430955993930197,3295,0.0,0.0,128
gorilla,102,1.1941690962099125,3430,0.0,0.0,128
gorilla,103,1.2248803827751196,3344,0.0,0.0,128
gorilla,104,1.2370884929024464,3311,0.0,0.0,128
gorilla,105,1.238210399032648,3308,0.0,0.0,128
gorilla,106,1.152504220596511,3554,0.0,0.0,128
gorilla,107,1.1073263044065964,3699,0.0,0.0,128
gorilla,108,0.9671782762691854,4235,0.0,0.0,128
gorilla,109,1.1903516419645452,3441,0.0,0.0,128
gorilla,110,1.2510690287110569,3274,0.0,0.0,128
gorilla,111,1.2378362042913267,3309,0.0,0.0,128
gorilla,112,1.2150697122515575,3371,0.0,0.0,128
gorilla,113,1.1160762942779292,3670,0.0,0.0,128
gorilla,114,0.993933511283669,4121,0.0,0.0,128
gorilla,115,1.2374622356495468,3310,0.0,0.0,128
gorilla,116,1.002447381302007,4086,0.0,0.0,128
gorilla,117,1.178705035971223,3475,0.0,0.0,128
gorilla,118,1.2241482367005379,3346,0.0,0.0,128
gorilla,119,1.2154302670623145,3370,0.0,0.0,128
gorilla,120,1.249161329673681,3279,0.0,0.0,128
gorilla,121,1.2318796992481202,3325,0.0,0.0,128
gorilla,122,1.2533659730722153,3268,0.0,0.0,128
gorilla,123,1.2465003043213634,3286,0.0,0.0,128
gorilla,124,1.2281859070464767,3335,0.0,0.0,128
gorilla,125,0.968321513002364,4230,0.0,0.0,128
gorilla,126,0.9617281051890115,4259,0.0,0.0,128
gorilla,127,1.0260521042084167,3992,0.0,0.0,128
gorilla,128,1.016125031009675,4031,0.0,0.0,128
gorilla,129,1.1807437301816086,3469,0.0,0.0,128
gorilla,130,1.0473024801840962,3911,0.0,0.0,128
gorilla,131,1.2545176110260337,3265,0.0,0.0,128
gorilla,132,1.150561797752809,3560,0.0,0.0,128
gorilla,133,1.31072,3125,0.0,0.0,128
gorilla,134,1.2307692307692308,3328,0.0,0.0,128
gorilla,135,1.2001171989452095,3413,0.0,0.0,128
gorilla,136,1.2201370271075365,3357,0.0,0.0,128
gorilla,137,1.2071912761567933,3393,0.0,0.0,128
gorilla,138,0.9752380952380952,4200,0.0,0.0,128
gorilla,139,0.9648998822143698,4245,0.0,0.0,128
gorilla,140,1.2071912761567933,3393,0.0,0.0,128
gorilla,141,0.9453034848834526,4333,0.0,0.0,128
gorilla,142,0.9594752869524479,4269,0.0,0.0,128
gorilla,143,1.2941548183254343,3165,0.0,0.0,128
gorilla,144,1.052685684913904,3891,0.0,0.0,128
gorilla,145,1.2525993883792048,3270,0.0,0.0,128
gorilla,146,1.2468797564687977,3285,0.0,0.0,128
gorilla,147,1.1633058790116444,3521,0.0,0.0,128
gorilla,148,0.9829613630909527,4167,0.0,0.0,128
gorilla,149,1.0456982384477918,3917,0.0,0.0,128
gorilla,150,1.1330567081604426,3615,0.0,0.0,128
gorilla,151,0.9635379910609269,4251,0.0,0.0,128
gorilla,152,1.0425044540595572,3929,0.0,0.0,128
gorilla,153,1.182106782106782,3465,0.0,0.0,128
gorilla,154,0.9658099504833766,4241,0.0,0.0,128
gorilla,155,1.245363332319854,3289,0.0,0.0,128
gorilla,156,1.2168746286393346,3366,0.0,0.0,128
gorilla,157,1.0619652579725174,3857,0.0,0.0,128
gorilla,158,1.257985257985258,3256,0.0,0.0,128
gorilla,159,0.9470520231213873,4325,0.0,0.0,128
gorilla,160,1.1980111143609242,3419,0.0,0.0,128
gorilla,161,1.208259587020649,3390,0.0,0.0,128
gorilla,162,1.068057366362451,3835,0.0,0.0,128
gorilla,163,1.009861932938856,4056,0.0,0.0,128
gorilla,164,1.2183224271267104,3362,0.0,0.0,128
gorilla,165,0.9444316347705788,4337,0.0,0.0,128
gorilla,166,1.2256134051466188,3342,0.0,0.0,128
gorilla,167,1.2912988650693569,3172,0.0,0.0,128
gorilla,168,1.037224613826285,3949,0.0,0.0,128
gorilla,169,1.2311391644123835,3327,0.0,0.0,128
gorilla,170,1.099302200751476,3726,0.0,0.0,128
gorilla,171,1.020682780961874,4013,0.0,0.0,128
gorilla,172,1.2622496147919877,3245,0.0,0.0,128
gorilla,173,1.0567595459236325,3876,0.0,0.0,128
gorilla,174,1.1483038968320718,3567,0.0,0.0,128
gorilla,175,1.0148662041625371,4036,0.0,0.0,128
gorilla,176,0.9973216459702946,4107,0.0,0.0,128
gorilla,177,0.9696969696969697,4224,0.0,0.0,128
gorilla,178,0.9968362131905573,4109,0.0,0.0,128
gorilla,179,1.2114758947057083,3381,0.0,0.0,128
gorilla,180,1.0850331125827815,3775,0.0,0.0,128
gorilla,181,1.2004689331770222,3412,0.0,0.0,128
gorilla,182,0.9822541966426859,4170,0.0,0.0,128
gorilla,183,0.9922480620155039,4128,0.0,0.0,128
gorilla,184,1.1994143484626647,3415,0.0,0.0,128
gorilla,185,0.9633113828786454,4252,0.0,0.0,128
gorilla,186,1.1483038968320718,3567,0.0,0.0,128
gorilla,187,1.1148611867174743,3674,0.0,0.0,128
gorilla,188,1.270077519379845,3225,0.0,0.0,128
gorilla,189,1.2172362555720653,3365,0.0,0.0,128
gorilla,190,1.3145057766367136,3116,0.0,0.0,128
gorilla,191,1.1924308588064048,3435,0.0,0.0,128
gorilla,192,0.9523366658916531,4301,0.0,0.0,128
gorilla,193,1.1200437517090511,3657,0.0,0.0,128
gorilla,194,0.954111344048451,4293,0.0,0.0,128
gorilla,195,1.087337403769578,3767,0.0,0.0,128
gorilla,196,1.1541279233586925,3549,0.0,0.0,128
gorilla,197,0.9834333733493398,4165,0.0,0.0,128
gorilla,198,1.2419648271679806,3298,0.0,0.0,128
gorilla,199,0.9394495412844037,4360,0.0,0.0,128
gorilla,200,1.1355697255336845,3607,0.0,0.0,128
gorilla,201,1.202230701496918,3407,0.0,0.0,128
gorilla,202,1.0686146621445343,3833,0.0,0.0,128
gorilla,203,1.2050603118564283,3399,0.0,0.0,128
gorilla,204,0.9503480278422274,4310,0.0,0.0,128
gorilla,0,0.9622929637025726,8513,0.0,0.0,256
gorilla,1,1.208259587020649,6780,0.0,0.0,256
gorilla,2,0.9636513351370427,8501,0.0,0.0,256
gorilla,3,1.1064289573203674,7404,0.0,0.0,256
gorilla,4,0.9661516688288714,8479,0.0,0.0,256
gorilla,5,1.2408361102696153,6602,0.0,0.0,256
gorilla,6,0.9817833173537871,8344,0.0,0.0,256
gorilla,7,1.0,8192,0.0,0.0,256
gorilla,8,1.1999414091108833,6827,0.0,0.0,256
gorilla,9,1.0023247277621437,8173,0.0,0.0,256
gorilla,10,0.9893719806763285,8280,0.0,0.0,256
gorilla,11,1.2344786015672091,6636,0.0,0.0,256
gorilla,12,1.204705882352941,6800,0.0,0.0,256
gorilla,13,1.0528209741678447,7781,0.0,0.0,256
gorilla,14,1.2147093712930013,6744,0.0,0.0,256
gorilla,15,1.02592360676268,7985,0.0,0.0,256
gorilla,16,0.9493568200254954,8629,0.0,0.0,256
gorilla,17,1.051469644461558,7791,0.0,0.0,256
gorilla,18,0.9729216152019002,8420,0.0,0.0,256
gorilla,19,1.0401218892839004,7876,0.0,0.0,256
gorilla,20,1.25567136725935,6524,0.0,0.0,256
gorilla,21,0.943344081068632,8684,0.0,0.0,256
gorilla,22,1.0040446133104548,8159,0.0,0.0,256
gorilla,23,1.2143492439964423,6746,0.0,0.0,256
gorilla,24,1.1950401167031364,6855,0.0,0.0,256
gorilla,25,0.9947783849423194,8235,0.0,0.0,256
gorilla,26,1.2048830710398588,6799,0.0,0.0,256
gorilla,27,1.1896601800755155,6886,0.0,0.0,256
gorilla,28,1.2504961074645093,6551,0.0,0.0,256
gorilla,29,1.2603076923076924,6500,0.0,0.0,256
gorilla,30,1.0215737623145031,8019,0.0,0.0,256
gorilla,31,1.0288872142677719,7962,0.0,0.0,256
gorilla,32,1.2109386548410939,6765,0.0,0.0,256
gorilla,33,1.1973107278573516,6842,0.0,0.0,256
gorilla,34,1.0539045413611219,7773,0.0,0.0,256
gorilla,35,0.9764004767580453,8390,0.0,0.0,256
gorilla,36,0.9777989973740749,8378,0.0,0.0,256
gorilla,37,1.1983616149795202,6836,0.0,0.0,256
gorilla,38,1.19608702000292,6849,0.0,0.0,256
gorilla,39,0.9979291022048971,8209,0.0,0.0,256
gorilla,40,1.2020542920029347,6815,0.0,0.0,256
gorilla,41,0.9953827460510328,8230,0.0,0.0,256
gorilla,42,0.9579045837231057,8552,0.0,0.0,256
gorilla,43,1.2084378226877122,6779,0.0,0.0,256
gorilla,44,0.9703861644160152,8442,0.0,0.0,256
gorilla,45,1.2446065025828015,6582,0.0,0.0,256
gorilla,46,0.9963512527365604,8222,0.0,0.0,256
gorilla,47,0.991047665134285,8266,0.0,0.0,256
gorilla,48,1.238397581254724,6615,0.0,0.0,256
gorilla,49,1.0292750345520794,7959,0.0,0.0,256
gorilla,50,0.9760514714643155,8393,0.0,0.0,256
gorilla,51,1.1103280021686093,7378,0.0,0.0,256
gorilla,52,1.053768973501415,7774,0.0,0.0,256
gorilla,53,1.242153146322972,6595,0.0,0.0,256
gorilla,54,1.0076260762607625,8130,0.0,0.0,256
gorilla,55,1.2385848200786211,6614,0.0,0.0,256
gorilla,56,1.3052899936265137,6276,0.0,0.0,256
gorilla,57,0.9661516688288714,8479,0.0,0.0,256
gorilla,58,1.2585650637578738,6509,0.0,0.0,256
gorilla,59,1.2270820850808868,6676,0.0,0.0,256
gorilla,60,1.0136104924523632,8082,0.0,0.0,256
gorilla,61,1.2510690287110569,6548,0.0,0.0,256
gorilla,62,1.060865060865061,7722,0.0,0.0,256
gorilla,63,1.25682724762197,6518,0.0,0.0,256
gorilla,64,0.9687795648060549,8456,0.0,0.0,256
gorilla,65,1.2252467843254562,6686,0.0,0.0,256
gorilla,66,1.1987123207491952,6834,0.0,0.0,256
gorilla,67,1.0460988379517302,7831,0.0,0.0,256
gorilla,68,1.269093725793958,6455,0.0,0.0,256
gorilla,69,1.2651737451737453,6475,0.0,0.0,256
gorilla,70,1.2408361102696153,6602,0.0,0.0,256
gorilla,71,0.9922480620155039,8256,0.0,0.0,256
gorilla,72,1.0231047833145996,8007,0.0,0.0,256
gorilla,73,0.9663796154299871,8477,0.0,0.0,256
gorilla,74,1.0903766804206043,7513,0.0,0.0,256
gorilla,75,0.9823719870488068,8339,0.0,0.0,256
gorilla,76,0.9544448328090411,8583,0.0,0.0,256
gorilla,77,0.9593629230589062,8539,0.0,0.0,256
gorilla,78,1.1976608187134503,6840,0.0,0.0,256
gorilla,79,1.0368307809138084,7901,0.0,0.0,256
gorilla,80,1.0414441901856089,7866,0.0,0.0,256
gorilla,81,1.1919103739269605,6873,0.0,0.0,256
gorilla,82,1.2008208736440926,6822,0.0,0.0,256
gorilla,83,0.9607130292013604,8527,0.0,0.0,256
gorilla,84,0.9984156002437538,8205,0.0,0.0,256
gorilla,85,1.2120136114809883,6759,0.0,0.0,256
gorilla,86,1.0828816920026438,7565,0.0,0.0,256
gorilla,87,1.0566232426157616,7753,0.0,0.0,256
gorilla,88,1.1218844152287044,7302,0.0,0.0,256
gorilla,89,1.2245142002989537,6690,0.0,0.0,256
gorilla,90,1.241588360109124,6598,0.0,0.0,256
gorilla,91,1.0349968414403032,7915,0.0,0.0,256
gorilla,92,0.9695821990768139,8449,0.0,0.0,256
gorilla,93,1.1953888807821391,6853,0.0,0.0,256
gorilla,94,0.9877019532191946,8294,0.0,0.0,256
gorilla,95,1.2346646571213262,6635,0.0,0.0,256
gorilla,96,1.2011730205278592,6820,0.0,0.0,256
gorilla,97,1.0790305584826132,7592,0.0,0.0,256
gorilla,98,1.0127333415749784,8089,0.0,0.0,256
gorilla,99,1.0049067713444553,8152,0.0,0.0,256
gorilla,100,1.2427184466019416,6592,0.0,0.0,256
gorilla,101,1.2004689331770222,6824,0.0,0.0,256
gorilla,0,1.241776565105351,13194,0.0,0.0,512
gorilla,1,1.2043516612760952,13604,0.0,0.0,512
gorilla,2,1.2241482367005379,13384,0.0,0.0,512
gorilla,3,0.9611075262509532,17047,0.0,0.0,512
gorilla,4,0.9722865111862797,16851,0.0,0.0,512
gorilla,5,1.1970482940016074,13687,0.0,0.0,512
gorilla,6,0.9803733843944471,16712,0.0,0.0,512
gorilla,7,1.0665972267430506,15361,0.0,0.0,512
gorilla,8,0.9647862442586268,16982,0.0,0.0,512
gorilla,9,1.0087427656692525,16242,0.0,0.0,512
gorilla,10,1.2477343690503389,13131,0.0,0.0,512
gorilla,11,0.9627453284757316,17018,0.0,0.0,512
gorilla,12,1.0866162621037272,15078,0.0,0.0,512
gorilla,13,0.996169514197118,16447,0.0,0.0,512
gorilla,14,1.2431899233629258,13179,0.0,0.0,512
gorilla,15,1.1936470931079703,13726,0.0,0.0,512
gorilla,16,0.9984764458528856,16409,0.0,0.0,512
gorilla,17,1.132430190765828,14468,0.0,0.0,512
gorilla,18,1.2270820850808868,13352,0.0,0.0,512
gorilla,19,1.0136104924523632,16164,0.0,0.0,512
gorilla,20,0.9821364344802781,16682,0.0,0.0,512
gorilla,21,0.9620104515295638,17031,0.0,0.0,512
gorilla,22,1.2080814039227252,13562,0.0,0.0,512
gorilla,23,0.9644454909347775,16988,0.0,0.0,512
gorilla,24,1.0044139283962727,16312,0.0,0.0,512
gorilla,25,0.9978683232840002,16419,0.0,0.0,512
gorilla,26,1.2476393542491624,13132,0.0,0.0,512
gorilla,27,0.9587453917724852,17089,0.0,0.0,512
gorilla,28,1.029339699692153,15917,0.0,0.0,512
gorilla,29,1.2439450307493736,13171,0.0,0.0,512
gorilla,30,0.9770409684536944,16769,0.0,0.0,512
gorilla,31,1.0144263513095164,16151,0.0,0.0,512
gorilla,32,1.2150697122515575,13484,0.0,0.0,512
gorilla,33,1.0156211257128689,16132,0.0,0.0,512
gorilla,34,1.0019569471624266,16352,0.0,0.0,512
gorilla,35,1.2176885916016351,13455,0.0,0.0,512
gorilla,36,0.9994509851765998,16393,0.0,0.0,512
gorilla,37,1.0334952374944806,15853,0.0,0.0,512
gorilla,38,0.962179938924125,17028,0.0,0.0,512
gorilla,39,0.9608257095941825,17052,0.0,0.0,512
gorilla,40,1.1912171004798604,13754,0.0,0.0,512
gorilla,41,1.0278544542032622,15940,0.0,0.0,512
gorilla,42,0.9767497317276738,16774,0.0,0.0,512
gorilla,43,1.1902651652742462,13765,0.0,0.0,512
gorilla,44,1.1973982313820069,13683,0.0,0.0,512
gorilla,45,0.9931502697460144,16497,0.0,0.0,512
gorilla,46,0.9580166062448836,17102,0.0,0.0,512
gorilla,47,1.2195013025679196,13435,0.0,0.0,512
gorilla,48,1.088782562466773,15048,0.0,0.0,512
gorilla,49,0.9660946989798926,16959,0.0,0.0,512
gorilla,50,1.2041746288402175,13606,0.0,0.0,512
gorilla,0,0.9565344309192282,34257,0.0,0.0,1024
gorilla,1,1.2003809802915963,27298,0.0,0.0,1024
gorilla,2,1.2198644925917652,26862,0.0,0.0,1024
gorilla,3,1.2046615933237748,27201,0.0,0.0,1024
gorilla,4,1.0784268553562613,30385,0.0,0.0,1024
gorilla,5,0.9752671210452692,33599,0.0,0.0,1024
gorilla,6,1.1927781013395458,27472,0.0,0.0,1024
gorilla,7,0.9619822094354579,34063,0.0,0.0,1024
gorilla,8,1.207814227792112,27130,0.0,0.0,1024
gorilla,9,1.2256592481765476,26735,0.0,0.0,1024
gorilla,10,0.9608538838225376,34103,0.0,0.0,1024
gorilla,11,1.2090174519425894,27103,0.0,0.0,1024
gorilla,12,0.9846449713032243,33279,0.0,0.0,1024
gorilla,13,1.0040446133104548,32636,0.0,0.0,1024
gorilla,14,0.9753542088343851,33596,0.0,0.0,1024
gorilla,15,1.0197298811227984,32134,0.0,0.0,1024
gorilla,16,0.9632830643501779,34017,0.0,0.0,1024
gorilla,17,0.9626321974148061,34040,0.0,0.0,1024
gorilla,18,1.1944738089162688,27433,0.0,0.0,1024
gorilla,19,0.980872272278265,33407,0.0,0.0,1024
gorilla,20,1.0387370823559248,31546,0.0,0.0,1024
gorilla,21,1.008091062913398,32505,0.0,0.0,1024
gorilla,22,0.9894616058217833,33117,0.0,0.0,1024
gorilla,23,0.9609102372364446,34101,0.0,0.0,1024
gorilla,24,0.9935417361511173,32981,0.0,0.0,1024
