method,window,k,ratio,compressed_bits,theoretical_bits,mse,mae,input_dim
rice_golomb,0,6,3.9498553519768564,1037,1037,8.689938e-12,2.3767352e-06,128
rice_golomb,1,6,3.8280373831775703,1070,1070,3.0633274e-12,1.4901161e-06,128
rice_golomb,2,4,5.0257668711656445,815,815,2.2915003e-13,2.8684735e-07,128
rice_golomb,3,6,4.1001001001001,999,999,1.1510792e-12,8.34465e-07,128
rice_golomb,4,6,3.9844357976653697,1028,1028,1.3073986e-12,7.748604e-07,128
rice_golomb,5,6,4.051434223541048,1011,1011,4.3477444e-12,1.7238781e-06,128
rice_golomb,6,6,3.9613152804642167,1034,1034,2.9061198e-12,1.0952353e-06,128
rice_golomb,7,5,4.22703818369453,969,969,2.4709124e-12,1.3448298e-06,128
rice_golomb,8,6,4.149949341438703,987,987,4.618528e-13,4.3958426e-07,128
rice_golomb,9,5,4.437703141928494,923,923,9.243231e-13,7.634517e-07,128
rice_golomb,10,6,3.9844357976653697,1028,1028,2.4158453e-12,1.1473894e-06,128
rice_golomb,11,5,4.1924257932446265,977,977,7.5395246e-13,4.945323e-07,128
rice_golomb,12,4,5.178255372945639,791,791,4.400924e-13,5.7555735e-07,128
rice_golomb,13,6,4.047430830039525,1012,1012,1.1958878e-11,2.7474016e-06,128
rice_golomb,14,6,3.8824644549763034,1055,1055,1.5205615e-12,8.791685e-07,128
rice_golomb,15,7,3.6604110813226094,1119,1119,9.023893e-13,5.5879354e-07,128
rice_golomb,16,5,4.8530805687203795,844,844,9.316992e-13,6.7800283e-07,128
rice_golomb,17,6,4.145748987854251,988,988,3.587164e-11,5.075708e-06,128
rice_golomb,18,6,3.8751182592242195,1057,1057,1.463718e-12,9.536743e-07,128
rice_golomb,19,6,4.083748753738783,1003,1003,3.7658765e-13,4.246831e-07,128
rice_golomb,20,5,4.6811428571428575,875,875,6.927792e-14,1.2293458e-07,128
rice_golomb,21,6,3.957487922705314,1035,1035,5.133671e-13,3.9115548e-07,128
rice_golomb,22,6,3.934678194044188,1041,1041,4.902745e-13,3.2037497e-07,128
rice_golomb,23,6,3.900952380952381,1050,1050,4.03233e-13,3.1664968e-07,128
rice_golomb,24,6,4.108324974924774,997,997,7.7182705e-13,6.593764e-07,128
rice_golomb,25,5,4.235780765253361,967,967,5.551115e-13,4.954636e-07,128
rice_golomb,26,6,4.133198789101917,991,991,3.932521e-12,1.6791746e-06,128
rice_golomb,27,6,4.079681274900398,1004,1004,1.2043699e-12,7.8976154e-07,128
rice_golomb,28,6,4.108324974924774,997,997,3.2898129e-12,1.4081597e-06,128
rice_golomb,29,6,4.108324974924774,997,997,7.0754513e-13,5.8393925e-07,128
rice_golomb,30,6,4.075621890547263,1005,1005,3.9808157e-12,1.6652048e-06,128
rice_golomb,31,6,4.063492063492063,1008,1008,3.1652458e-13,4.3120235e-07,128
rice_golomb,32,6,3.7820867959372113,1083,1083,2.633449e-13,3.8556755e-07,128
rice_golomb,33,6,3.7996289424860854,1078,1078,6.8922645e-13,4.6938658e-07,128
rice_golomb,34,5,4.591928251121076,892,892,5.4289906e-14,1.3690442e-07,128
rice_golomb,35,5,4.3760683760683765,936,936,4.316547e-13,3.2410026e-07,128
rice_golomb,36,6,3.9384615384615387,1040,1040,1.3358203e-12,7.8976154e-07,128
rice_golomb,37,6,4.091908091908092,1001,1001,1.1652901e-12,5.438924e-07,128
rice_golomb,38,6,4.059464816650149,1009,1009,1.3145041e-12,8.419156e-07,128
rice_golomb,39,6,4.137373737373737,990,990,1.2407853e-12,8.381903e-07,128
rice_golomb,40,6,3.8751182592242195,1057,1057,3.3235636e-12,1.4491379e-06,128
rice_golomb,41,6,4.096,1000,1000,1.1409623e-13,2.111774e-07,128
rice_golomb,42,6,3.8352059925093633,1068,1068,4.455103e-12,1.9297004e-06,128
rice_golomb,43,5,4.432900432900433,924,924,3.4305891e-13,4.6938658e-07,128
rice_golomb,44,5,4.437703141928494,923,923,3.410605e-13,4.172325e-07,128
rice_golomb,45,6,3.9844357976653697,1028,1028,9.592327e-13,5.438924e-07,128
rice_golomb,46,6,4.011753183153771,1021,1021,3.0375702e-13,2.1979213e-07,128
rice_golomb,47,6,4.015686274509804,1020,1020,1.5845103e-12,8.2701445e-07,128
rice_golomb,48,5,4.476502732240437,915,915,2.503206e-13,3.3597462e-07,128
rice_golomb,49,5,4.612612612612613,888,888,2.3869795e-13,3.2410026e-07,128
rice_golomb,50,6,4.108324974924774,997,997,4.1779913e-12,1.6987324e-06,128
rice_golomb,51,5,4.380748663101604,935,935,6.290107e-14,1.6833656e-07,128
rice_golomb,52,6,4.027531956735497,1017,1017,1.2931878e-12,8.34465e-07,128
rice_golomb,53,6,3.8751182592242195,1057,1057,1.2789769e-12,7.8976154e-07,128
rice_golomb,54,6,3.7961075069508805,1079,1079,1.2434498e-12,7.674098e-07,128
rice_golomb,55,4,4.946859903381642,828,828,1.9506619e-13,3.2875687e-07,128
rice_golomb,56,5,4.316122233930453,949,949,6.7679196e-13,7.0407987e-07,128
rice_golomb,57,6,4.1924257932446265,977,977,8.881784e-13,6.3329935e-07,128
rice_golomb,58,6,3.9960975609756098,1025,1025,5.1691984e-13,4.3958426e-07,128
rice_golomb,59,6,3.9844357976653697,1028,1028,1.0729195e-12,7.5250864e-07,128
rice_golomb,60,6,4.108324974924774,997,997,2.5828228e-12,1.3560057e-06,128
rice_golomb,61,5,4.7297921478060045,866,866,8.890111e-14,2.2118911e-07,128
rice_golomb,62,6,3.988315481986368,1027,1027,6.8567374e-13,4.3958426e-07,128
rice_golomb,63,6,4.22703818369453,969,969,5.022649e-13,5.3457916e-07,128
rice_golomb,64,6,4.063492063492063,1008,1008,6.157297e-13,5.9232116e-07,128
rice_golomb,65,6,4.087824351297405,1002,1002,2.2026825e-13,2.5331974e-07,128
rice_golomb,66,4,5.126408010012516,799,799,4.975534e-14,1.678709e-07,128
rice_golomb,67,5,4.357446808510638,940,940,1.7025825e-12,1.007691e-06,128
rice_golomb,68,6,4.031496062992126,1016,1016,2.2524205e-12,1.3411045e-06,128
rice_golomb,69,6,3.9422521655437923,1039,1039,4.3343107e-13,2.6077032e-07,128
rice_golomb,70,5,4.348195329087049,942,942,9.4591e-14,1.9930303e-07,128
rice_golomb,71,4,5.217834394904458,785,785,5.1930682e-14,1.6065314e-07,128
rice_golomb,72,6,4.091908091908092,1001,1001,1.5738522e-12,6.92904e-07,128
rice_golomb,73,6,3.915869980879541,1046,1046,1.2718715e-12,7.972121e-07,128
rice_golomb,74,6,3.9844357976653697,1028,1028,3.1072922e-12,1.6558915e-06,128
rice_golomb,75,6,3.8352059925093633,1068,1068,1.4352408e-12,9.993091e-07,128
rice_golomb,76,6,4.031496062992126,1016,1016,4.601805e-13,5.1711686e-07,128
rice_golomb,77,6,4.087824351297405,1002,1002,3.1974423e-13,2.7567148e-07,128
rice_golomb,78,6,4.149949341438703,987,987,2.0872193e-13,2.644956e-07,128
rice_golomb,79,5,4.222680412371134,970,970,6.5281114e-14,1.8440187e-07,128
rice_golomb,80,5,4.280041797283177,957,957,1.1084467e-12,8.419156e-07,128
rice_golomb,81,6,4.039447731755424,1014,1014,2.0143887e-12,1.1324883e-06,128
rice_golomb,82,6,3.9422521655437923,1039,1039,1.364242e-12,8.046627e-07,128
rice_golomb,83,6,4.063492063492063,1008,1008,9.30811e-13,6.183982e-07,128
rice_golomb,84,6,4.019627085377821,1019,1019,2.8954616e-13,3.3900142e-07,128
rice_golomb,85,6,4.145748987854251,988,988,1.5371315e-12,1.0854565e-06,128
rice_golomb,86,4,5.069306930693069,808,808,7.995826e-13,7.2456896e-07,128
rice_golomb,87,6,4.154158215010142,986,986,7.879919e-12,2.5853515e-06,128
rice_golomb,88,6,4.112449799196787,996,996,1.4508394e-12,7.208437e-07,128
rice_golomb,89,6,4.015686274509804,1020,1020,8.626433e-12,2.6319176e-06,128
rice_golomb,90,6,3.8714555765595464,1058,1058,8.7396756e-13,6.183982e-07,128
rice_golomb,91,6,3.919617224880383,1045,1045,3.5171865e-13,2.6077032e-07,128
rice_golomb,92,6,4.059464816650149,1009,1009,3.2979175e-13,3.7439167e-07,128
rice_golomb,93,5,4.2139917695473255,972,972,1.3855583e-13,1.7136335e-07,128
rice_golomb,94,6,3.8568738229755177,1062,1062,1.2008172e-12,7.5250864e-07,128
rice_golomb,95,5,4.209660842754368,973,973,7.975842e-13,6.2957406e-07,128
rice_golomb,96,5,4.633484162895928,884,884,1.2598256e-13,2.3422763e-07,128
rice_golomb,97,5,4.1924257932446265,977,977,2.753353e-13,3.5390258e-07,128
rice_golomb,98,6,4.124874118831823,993,993,1.603162e-13,1.4714897e-07,128
rice_golomb,99,6,4.1001001001001,999,999,9.862333e-12,2.7418137e-06,128
rice_golomb,100,6,3.8972407231208375,1051,1051,2.4318325e-12,1.0691583e-06,128
rice_golomb,101,5,4.343584305408272,943,943,2.9054537e-13,4.5169145e-07,128
rice_golomb,102,6,4.035467980295566,1015,1015,3.99325e-12,1.8626451e-06,128
rice_golomb,103,6,4.047430830039525,1012,1012,3.4461323e-12,1.6316772e-06,128
rice_golomb,104,5,4.546059933407325,901,901,3.2169822e-12,1.411885e-06,128
rice_golomb,105,6,3.919617224880383,1045,1045,2.0023094e-11,3.97861e-06,128
rice_golomb,106,6,4.19672131147541,976,976,7.592815e-13,7.310882e-07,128
rice_golomb,107,6,4.1001001001001,999,999,1.9184654e-13,2.5331974e-07,128
rice_golomb,108,5,4.713463751438435,869,869,3.1002978e-13,3.0267984e-07,128
rice_golomb,109,6,4.162601626016261,984,984,5.684342e-13,5.736947e-07,128
rice_golomb,110,4,5.139272271016311,797,797,1.030287e-13,1.6391277e-07,128
rice_golomb,111,6,4.047430830039525,1012,1012,1.3060664e-12,8.7730587e-07,128
rice_golomb,112,6,3.9613152804642167,1034,1034,1.2093437e-11,2.7418137e-06,128
rice_golomb,113,6,3.9613152804642167,1034,1034,2.479128e-13,3.3993274e-07,128
rice_golomb,114,4,5.340286831812255,767,767,2.4424907e-14,8.754432e-08,128
rice_golomb,115,5,4.768335273573923,859,859,2.1649349e-14,7.7299774e-08,128
rice_golomb,116,6,3.8898385565052234,1053,1053,4.618528e-13,3.3527613e-07,128
rice_golomb,117,6,4.124874118831823,993,993,2.8888003e-13,3.4086406e-07,128
rice_golomb,118,6,3.9651500484027107,1033,1033,2.7586822e-12,1.3671815e-06,128
rice_golomb,119,6,4.019627085377821,1019,1019,3.3892888e-12,1.3932586e-06,128
rice_golomb,120,6,4.154158215010142,986,986,4.1877612e-13,4.861504e-07,128
rice_golomb,121,6,3.727024567788899,1099,1099,3.7303494e-12,1.5571713e-06,128
rice_golomb,122,6,4.209660842754368,973,973,2.2370994e-14,7.264316e-08,128
rice_golomb,123,6,4.027531956735497,1017,1017,1.4654944e-12,9.723008e-07,128
rice_golomb,124,6,4.091908091908092,1001,1001,3.5929593e-13,3.776513e-07,128
rice_golomb,125,4,5.171717171717172,792,792,3.7303494e-14,7.8231096e-08,128
rice_golomb,126,6,4.19672131147541,976,976,2.878947e-14,1.2223609e-07,128
rice_golomb,127,5,4.551111111111111,900,900,9.1926466e-14,1.3038516e-07,128
rice_golomb,128,6,3.9960975609756098,1025,1025,6.754597e-13,5.941838e-07,128
rice_golomb,129,5,4.348195329087049,942,942,4.2382764e-14,1.1967495e-07,128
rice_golomb,130,5,4.452173913043478,920,920,1.0427215e-12,9.0524554e-07,128
rice_golomb,131,6,4.145748987854251,988,988,2.5446312e-13,2.9616058e-07,128
rice_golomb,132,6,4.1001001001001,999,999,1.6342483e-12,8.1956387e-07,128
rice_golomb,133,6,3.930902111324376,1042,1042,2.010836e-12,1.0356307e-06,128
rice_golomb,134,6,4.0,1024,1024,2.991385e-12,1.4081597e-06,128
rice_golomb,135,6,4.096,1000,1000,1.7408297e-12,9.4622374e-07,128
rice_golomb,136,5,4.1924257932446265,977,977,1.1493029e-12,9.275973e-07,128
rice_golomb,137,6,4.154158215010142,986,986,1.0427215e-12,7.711351e-07,128
rice_golomb,138,5,4.29800629590766,953,953,1.1803891e-12,9.648502e-07,128
rice_golomb,139,5,4.289005235602095,955,955,2.0639046e-13,4.0698797e-07,128
rice_golomb,140,6,3.8173345759552655,1073,1073,1.1304291e-12,6.7055225e-07,128
rice_golomb,141,6,4.063492063492063,1008,1008,3.6024517e-12,1.616776e-06,128
rice_golomb,142,6,4.0039100684261975,1023,1023,1.6964208e-12,1.0617077e-06,128
rice_golomb,143,7,3.640888888888889,1125,1125,1.1688428e-12,7.674098e-07,128
rice_golomb,144,6,3.9689922480620154,1032,1032,3.524292e-12,1.5348196e-06,128
rice_golomb,145,6,3.988315481986368,1027,1027,4.8601123e-12,1.9222498e-06,128
rice_golomb,146,6,4.035467980295566,1015,1015,8.526513e-14,1.4156103e-07,128
rice_golomb,147,5,4.380748663101604,935,935,1.7230661e-13,2.719462e-07,128
rice_golomb,148,6,4.015686274509804,1020,1020,5.137224e-12,2.0340085e-06,128
rice_golomb,149,6,4.091908091908092,1001,1001,5.3290705e-13,3.9488077e-07,128
rice_golomb,150,6,4.071570576540755,1006,1006,1.2669865e-12,8.0652535e-07,128
rice_golomb,151,6,4.039447731755424,1014,1014,4.3698378e-13,3.2782555e-07,128
rice_golomb,152,6,4.137373737373737,990,990,1.3562484e-12,9.3877316e-07,128
rice_golomb,153,5,4.597081930415264,891,891,3.0198066e-13,4.3958426e-07,128
rice_golomb,154,5,4.385438972162741,934,934,1.0005607e-12,7.2689727e-07,128
rice_golomb,155,6,3.900952380952381,1050,1050,9.05942e-13,6.482005e-07,128
rice_golomb,156,5,4.437703141928494,923,923,6.088463e-13,6.1281025e-07,128
rice_golomb,157,4,5.12,800,800,3.5527137e-14,7.4505806e-08,128
rice_golomb,158,6,3.9233716475095783,1044,1044,1.5889956e-11,3.2167882e-06,128
rice_golomb,159,4,5.0945273631840795,804,804,1.637579e-14,7.357448e-08,128
rice_golomb,160,6,4.051434223541048,1011,1011,2.3074875e-12,1.1958182e-06,128
rice_golomb,161,5,4.366737739872068,938,938,1.1946e-13,2.0302832e-07,128
rice_golomb,162,6,3.9960975609756098,1025,1025,2.2524205e-12,1.065433e-06,128
rice_golomb,163,6,4.075621890547263,1005,1005,9.023893e-13,5.5879354e-07,128
rice_golomb,164,5,4.222680412371134,970,970,2.8599345e-13,3.3155084e-07,128
rice_golomb,165,6,3.992202729044834,1026,1026,2.0428104e-12,1.1399388e-06,128
rice_golomb,166,5,4.371398078975454,937,937,3.3029135e-13,4.2375177e-07,128
rice_golomb,167,6,3.9613152804642167,1034,1034,3.4190428e-12,1.5664846e-06,128
rice_golomb,168,6,3.9384615384615387,1040,1040,2.079048e-11,3.6656857e-06,128
rice_golomb,169,6,3.810232558139535,1075,1075,4.341416e-12,1.8551946e-06,128
rice_golomb,170,6,4.031496062992126,1016,1016,3.8999914e-12,1.7397106e-06,128
rice_golomb,171,6,3.8568738229755177,1062,1062,6.913581e-12,2.272427e-06,128
rice_golomb,172,6,3.9460500963391136,1038,1038,2.5952573e-12,1.0617077e-06,128
rice_golomb,173,5,4.471615720524017,916,916,4.4303276e-13,5.933689e-07,128
rice_golomb,174,6,4.091908091908092,1001,1001,1.7053026e-13,2.30968e-07,128
rice_golomb,175,6,3.8605089538171535,1061,1061,1.8189894e-12,1.1175871e-06,128
rice_golomb,176,6,3.8532455315145815,1063,1063,3.6415315e-13,3.3155084e-07,128
rice_golomb,177,6,4.158375634517767,985,985,8.5886853e-13,8.381903e-07,128
rice_golomb,178,6,4.19672131147541,976,976,2.8084202e-12,1.1660159e-06,128
rice_golomb,179,5,4.515986769570011,907,907,4.590106e-12,1.5720725e-06,128
rice_golomb,180,4,4.958837772397095,826,826,1.0198266e-13,2.492452e-07,128
rice_golomb,181,4,5.3194805194805195,770,770,4.0900616e-13,4.3399632e-07,128
rice_golomb,182,5,4.81316098707403,851,851,1.7677526e-13,2.7613714e-07,128
rice_golomb,183,5,4.2711157455683,959,959,1.3677948e-13,2.849847e-07,128
rice_golomb,184,6,3.7925925925925927,1080,1080,8.173462e-12,2.3487955e-06,128
rice_golomb,185,6,4.011753183153771,1021,1021,6.8425265e-12,1.9147992e-06,128
rice_golomb,186,6,3.9689922480620154,1032,1032,1.4068746e-12,9.536743e-07,128
rice_golomb,187,5,4.501098901098901,910,910,7.5245365e-14,1.3923272e-07,128
rice_golomb,188,6,4.104208416833667,998,998,2.9700686e-12,1.3560057e-06,128
rice_golomb,189,6,3.7440585009140768,1094,1094,5.8264504e-13,3.5762787e-07,128
rice_golomb,190,6,4.129032258064516,992,992,2.5011104e-12,1.322478e-06,128
rice_golomb,191,5,4.24896265560166,964,964,1.7441604e-13,2.4121255e-07,128
rice_golomb,192,5,4.506050605060506,909,909,3.6570746e-13,5.3457916e-07,128
rice_golomb,193,6,4.112449799196787,996,996,5.2882143e-12,1.9855797e-06,128
rice_golomb,194,6,3.988315481986368,1027,1027,1.6801005e-12,1.1241063e-06,128
rice_golomb,195,6,3.831618334892423,1069,1069,7.362999e-12,2.231449e-06,128
rice_golomb,196,5,4.638731596828992,883,883,9.05942e-14,2.1979213e-07,128
rice_golomb,197,6,3.9498553519768564,1037,1037,1.3464785e-12,8.34465e-07,128
rice_golomb,198,5,4.447339847991314,921,921,4.7073456e-13,5.1036477e-07,128
rice_golomb,199,4,5.285161290322581,775,775,4.4231285e-13,5.1036477e-07,128
rice_golomb,200,6,4.031496062992126,1016,1016,1.2576606e-12,8.5681677e-07,128
rice_golomb,201,6,3.9766990291262134,1030,1030,6.565415e-12,2.2053719e-06,128
rice_golomb,202,5,4.2845188284518825,956,956,9.803269e-14,1.9092113e-07,128
rice_golomb,203,5,4.26222684703434,961,961,1.08801856e-13,1.8440187e-07,128
rice_golomb,204,6,4.145748987854251,988,988,1.3278267e-13,1.9185245e-07,128
rice_golomb,0,4,5.155443675267464,1589,1589,4.0856207e-14,8.568168e-08,256
rice_golomb,1,6,4.057454185240218,2019,2019,2.459366e-12,1.1418015e-06,256
rice_golomb,2,6,4.007827788649706,2044,2044,9.690027e-13,6.1281025e-07,256
rice_golomb,3,5,4.179591836734694,1960,1960,2.4468275e-13,3.4936238e-07,256
rice_golomb,4,6,4.063492063492063,2016,2016,2.7711167e-12,1.2144446e-06,256
rice_golomb,5,6,3.9980478282088825,2049,2049,1.0746959e-12,6.891787e-07,256
rice_golomb,6,6,3.8696268304204064,2117,2117,5.062617e-12,1.8142164e-06,256
rice_golomb,7,6,4.098049024512256,1999,1999,1.2961299e-12,9.1223046e-07,256
rice_golomb,8,6,4.0554455445544555,2020,2020,3.6148862e-13,4.1536987e-07,256
rice_golomb,9,5,4.6439909297052155,1764,1764,2.031264e-12,1.0523945e-06,256
rice_golomb,10,6,4.133198789101917,1982,1982,1.4484525e-12,9.80217e-07,256
rice_golomb,11,5,4.746234067207416,1726,1726,3.2658078e-13,4.2899046e-07,256
rice_golomb,12,6,4.1689567430025445,1965,1965,6.750156e-13,4.5448542e-07,256
rice_golomb,13,4,4.979939209726444,1645,1645,3.4419412e-12,1.1636876e-06,256
rice_golomb,14,6,3.9403559403559405,2079,2079,6.362555e-11,7.1041286e-06,256
rice_golomb,15,6,3.992202729044834,2052,2052,7.361223e-12,2.3022294e-06,256
rice_golomb,16,6,3.794349235757295,2159,2159,4.888534e-12,1.7806888e-06,256
rice_golomb,17,5,4.6624928856004555,1757,1757,3.5840775e-13,5.005859e-07,256
rice_golomb,18,6,4.177460479347272,1961,1961,7.148171e-13,6.8498775e-07,256
rice_golomb,19,5,4.350504514073287,1883,1883,9.230949e-13,7.105991e-07,256
rice_golomb,20,6,4.045432098765432,2025,2025,5.3930194e-12,2.0489097e-06,256
rice_golomb,21,6,4.015686274509804,2040,2040,7.33924e-12,1.8654391e-06,256
rice_golomb,22,6,4.203181118522319,1949,1949,1.1877999e-13,1.6880222e-07,256
rice_golomb,23,6,4.009789525208028,2043,2043,2.5650593e-12,1.1138618e-06,256
rice_golomb,24,6,3.9709161415414447,2063,2063,6.8771655e-12,2.0246953e-06,256
rice_golomb,25,6,3.9613152804642167,2068,2068,2.827072e-12,1.3206154e-06,256
rice_golomb,26,6,4.110386352232815,1993,1993,3.6738945e-12,1.0714866e-06,256
rice_golomb,27,6,3.9046711153479503,2098,2098,1.0338397e-12,5.9977174e-07,256
rice_golomb,28,5,4.24016563146998,1932,1932,1.5776269e-12,1.0626391e-06,256
rice_golomb,29,6,4.1394643759474485,1979,1979,5.2557167e-11,6.693648e-06,256
rice_golomb,30,6,3.9536679536679538,2072,2072,2.9309888e-12,1.3299286e-06,256
rice_golomb,31,6,3.955577015934331,2071,2071,1.3926638e-12,7.8231096e-07,256
rice_golomb,32,6,4.15205271160669,1973,1973,4.9804605e-13,4.796311e-07,256
rice_golomb,33,6,3.988315481986368,2054,2054,1.6113777e-12,1.0160729e-06,256
rice_golomb,34,5,4.751740139211137,1724,1724,8.3943963e-13,7.748604e-07,256
rice_golomb,35,6,4.135285209490156,1981,1981,3.0240255e-12,1.2787059e-06,256
rice_golomb,36,5,4.229220443985545,1937,1937,2.732925e-12,1.4007092e-06,256
rice_golomb,37,6,3.915869980879541,2092,2092,1.1439738e-12,7.376075e-07,256
rice_golomb,38,5,4.444926749864352,1843,1843,4.834355e-12,1.816079e-06,256
rice_golomb,39,6,4.04943153732081,2023,2023,3.971934e-12,1.6987324e-06,256
rice_golomb,40,5,4.558708959376739,1797,1797,1.2828627e-13,2.947636e-07,256
rice_golomb,41,6,3.815556590591523,2147,2147,8.7396756e-13,5.811453e-07,256
rice_golomb,42,6,4.011753183153771,2042,2042,4.018119e-12,1.8514693e-06,256
rice_golomb,43,4,4.8358913813459266,1694,1694,5.151435e-14,9.313226e-08,256
rice_golomb,44,4,5.072445820433437,1615,1615,3.051781e-12,1.3131648e-06,256
rice_golomb,45,5,4.452173913043478,1840,1840,4.3290805e-13,4.1892054e-07,256
rice_golomb,46,5,4.3275224511357635,1893,1893,1.9692026e-12,1.1343509e-06,256
rice_golomb,47,6,4.027531956735497,2034,2034,1.612932e-12,1.0058284e-06,256
rice_golomb,48,5,4.355130249867092,1881,1881,1.2634338e-13,2.3376197e-07,256
rice_golomb,49,6,4.1001001001001,1998,1998,1.0587087e-12,8.1956387e-07,256
rice_golomb,50,5,4.188139059304704,1956,1956,2.2652713e-13,2.7450733e-07,256
rice_golomb,51,6,4.120724346076459,1988,1988,6.004086e-13,4.954636e-07,256
rice_golomb,52,6,4.126952141057934,1985,1985,5.2602367e-13,3.9488077e-07,256
rice_golomb,53,6,4.120724346076459,1988,1988,2.5562885e-13,2.742745e-07,256
rice_golomb,54,5,4.5663322185061315,1794,1794,1.1854961e-12,9.043142e-07,256
rice_golomb,55,6,4.143651997976733,1977,1977,8.9084295e-13,7.022172e-07,256
rice_golomb,56,6,3.9766990291262134,2060,2060,3.6699532e-12,1.4565885e-06,256
rice_golomb,57,5,4.313849394418114,1899,1899,1.5730472e-12,9.955838e-07,256
rice_golomb,58,6,3.900952380952381,2100,2100,2.2284397e-12,1.1492521e-06,256
rice_golomb,59,6,3.9403559403559405,2079,2079,4.7872817e-12,1.8952414e-06,256
rice_golomb,60,6,4.081714000996512,2007,2007,2.8981262e-12,1.3429672e-06,256
rice_golomb,61,6,4.154158215010142,1972,1972,1.9806379e-12,1.2665987e-06,256
rice_golomb,62,5,4.584219362059318,1787,1787,1.8478274e-12,8.516945e-07,256
rice_golomb,63,6,4.104208416833667,1996,1996,2.0815016e-12,1.216773e-06,256
rice_golomb,64,6,4.183861082737487,1958,1958,3.9745984e-13,4.3585896e-07,256
rice_golomb,65,5,4.6598407281001135,1758,1758,8.302692e-12,2.4810433e-06,256
rice_golomb,66,6,3.944150216658642,2077,2077,2.190248e-12,1.2516975e-06,256
rice_golomb,67,6,4.1394643759474485,1979,1979,5.640155e-12,1.6530976e-06,256
rice_golomb,68,6,4.098049024512256,1999,1999,5.559997e-12,2.0749867e-06,256
rice_golomb,69,6,4.183861082737487,1958,1958,1.24673605e-11,2.9485673e-06,256
rice_golomb,70,5,4.824499411071849,1698,1698,2.634004e-13,3.9720908e-07,256
rice_golomb,71,6,3.810232558139535,2150,2150,1.5216939e-11,3.5082921e-06,256
rice_golomb,72,6,3.873286052009456,2115,2115,3.2223113e-12,1.4193356e-06,256
rice_golomb,73,6,4.154158215010142,1972,1972,1.6742163e-12,1.0896474e-06,256
rice_golomb,74,6,3.9709161415414447,2063,2063,3.838707e-12,1.5161932e-06,256
rice_golomb,75,6,4.039447731755424,2028,2028,5.8157923e-12,2.0898879e-06,256
rice_golomb,76,5,4.785046728971962,1712,1712,2.5968117e-12,1.1008233e-06,256
rice_golomb,77,6,3.986374695863747,2055,2055,4.725109e-13,3.6880374e-07,256
rice_golomb,78,6,3.959400676655389,2069,2069,1.309633e-12,6.9406815e-07,256
rice_golomb,79,6,3.8013921113689095,2155,2155,4.1779913e-12,1.7210841e-06,256
rice_golomb,80,6,4.057454185240218,2019,2019,4.953371e-12,2.0097941e-06,256
rice_golomb,81,6,3.978630403108305,2059,2059,2.021494e-12,1.0468066e-06,256
rice_golomb,82,6,3.902810862315388,2099,2099,2.4114044e-13,3.46452e-07,256
rice_golomb,83,6,4.126952141057934,1985,1985,3.5966785e-12,1.4062971e-06,256
rice_golomb,84,5,4.235780765253361,1934,1934,8.0874196e-13,6.8033114e-07,256
rice_golomb,85,5,4.556173526140156,1798,1798,4.1300297e-13,4.0233135e-07,256
rice_golomb,86,6,4.033481043820778,2031,2031,1.1279866e-13,1.5087426e-07,256
rice_golomb,87,6,3.776855693868142,2169,2169,2.863132e-11,4.7795475e-06,256
rice_golomb,88,6,3.955577015934331,2071,2071,9.586998e-12,2.4400651e-06,256
rice_golomb,89,6,3.895387541607228,2103,2103,3.0482283e-12,1.4975667e-06,256
rice_golomb,90,6,4.019627085377821,2038,2038,7.123191e-13,4.8056245e-07,256
rice_golomb,91,6,4.017655713585091,2039,2039,4.112266e-12,1.642853e-06,256
rice_golomb,92,6,3.988315481986368,2054,2054,1.343814e-12,8.698553e-07,256
rice_golomb,93,5,4.2533748701973,1926,1926,2.0037305e-12,1.013279e-06,256
rice_golomb,94,6,3.8442045987799154,2131,2131,9.05942e-13,5.699694e-07,256
rice_golomb,95,6,4.0776505724240915,2009,2009,2.7459146e-11,4.5718625e-06,256
rice_golomb,96,6,4.063492063492063,2016,2016,4.1033843e-12,1.5459955e-06,256
rice_golomb,97,5,4.3275224511357635,1893,1893,4.26148e-12,1.5031546e-06,256
rice_golomb,98,5,4.397208803005904,1863,1863,5.6607496e-14,1.3480894e-07,256
rice_golomb,99,6,4.120724346076459,1988,1988,1.0791368e-12,8.4750354e-07,256
rice_golomb,100,5,4.2845188284518825,1912,1912,5.136988e-12,1.6267877e-06,256
rice_golomb,101,6,4.021600392734413,2037,2037,6.636913e-13,6.156042e-07,256
rice_golomb,0,6,3.9365689572321,4162,4162,5.0901505e-12,2.000481e-06,512
rice_golomb,1,5,4.292376211684569,3817,3817,2.1674884e-12,1.2810342e-06,512
rice_golomb,2,6,4.1001001001001,3996,3996,4.3876014e-13,3.6135316e-07,512
rice_golomb,3,6,4.1573204770362855,3941,3941,6.848057e-12,1.8446008e-06,512
rice_golomb,4,5,4.320675105485232,3792,3792,8.2504e-12,2.3418106e-06,512
rice_golomb,5,5,4.653223516046578,3521,3521,9.023893e-13,7.599592e-07,512
rice_golomb,6,6,3.9815309842041313,4115,4115,5.6932237e-12,1.9166619e-06,512
rice_golomb,7,4,4.898056801195815,3345,3345,2.83365e-12,1.372071e-06,512
rice_golomb,8,5,4.47405789186237,3662,3662,3.8783754e-11,4.1639432e-06,512
rice_golomb,9,6,4.163659466327827,3935,3935,9.423573e-13,7.785857e-07,512
rice_golomb,10,5,4.295752490823283,3814,3814,2.3903102e-12,1.1362135e-06,512
rice_golomb,11,6,3.9990236758603857,4097,4097,1.199929e-12,7.301569e-07,512
rice_golomb,12,6,4.1924257932446265,3908,3908,1.737388e-12,1.1757948e-06,512
rice_golomb,13,6,3.97959679378188,4117,4117,1.3573587e-12,8.4750354e-07,512
rice_golomb,14,6,4.019627085377821,4076,4076,1.9685642e-12,1.2030359e-06,512
rice_golomb,15,5,4.208579501669663,3893,3893,1.3777202e-11,2.7732458e-06,512
rice_golomb,16,6,3.9815309842041313,4115,4115,6.5440986e-12,1.9073486e-06,512
rice_golomb,17,6,4.018641157714005,4077,4077,3.6801673e-12,1.6679987e-06,512
rice_golomb,18,6,3.9854050109462418,4111,4111,1.03170805e-11,2.6421621e-06,512
rice_golomb,19,6,3.924311377245509,4175,4175,5.9117156e-12,2.1085143e-06,512
rice_golomb,20,6,4.1668362156663274,3932,3932,3.802264e-12,1.4554244e-06,512
rice_golomb,21,6,4.1342417360585415,3963,3963,5.838441e-12,2.280809e-06,512
rice_golomb,22,6,3.955577015934331,4142,4142,6.217249e-12,2.2128224e-06,512
rice_golomb,23,5,4.761406567858181,3441,3441,1.8004265e-11,3.6451966e-06,512
rice_golomb,24,6,3.9432009626955473,4155,4155,3.019951e-11,4.332047e-06,512
rice_golomb,25,6,3.982498784637822,4114,4114,2.2133406e-12,1.0877848e-06,512
rice_golomb,26,6,4.058459251919742,4037,4037,1.0873802e-11,2.7017668e-06,512
rice_golomb,27,6,4.0776505724240915,4018,4018,1.1995382e-10,1.00545585e-05,512
rice_golomb,28,6,4.190281329923273,3910,3910,5.551462e-13,4.6484638e-07,512
rice_golomb,29,5,4.367901892828579,3751,3751,8.0957463e-13,4.777685e-07,512
rice_golomb,30,5,4.5549068668334725,3597,3597,8.1011586e-13,7.4738637e-07,512
rice_golomb,31,6,4.105236782761213,3991,3991,6.7519323e-12,2.1606684e-06,512
rice_golomb,32,6,4.04443347321649,4051,4051,3.3322303e-12,1.4816178e-06,512
rice_golomb,33,5,4.305913272010512,3805,3805,9.613643e-12,2.6714988e-06,512
rice_golomb,34,6,4.097024256064016,3999,3999,3.8365977e-12,1.4086254e-06,512
rice_golomb,35,6,3.992202729044834,4104,4104,2.7560176e-12,1.206994e-06,512
rice_golomb,36,6,3.935623348546721,4163,4163,9.0683017e-13,6.239861e-07,512
rice_golomb,37,6,4.004888780249328,4091,4091,4.126477e-12,1.7825514e-06,512
rice_golomb,38,6,4.054441969809453,4041,4041,1.6576962e-11,3.3974648e-06,512
rice_golomb,39,6,4.042437700468788,4053,4053,1.1305179e-11,2.7595088e-06,512
rice_golomb,40,5,4.4209390178089585,3706,3706,3.0606628e-12,1.3690442e-06,512
rice_golomb,41,6,3.810232558139535,4300,4300,2.5838887e-11,4.6417117e-06,512
rice_golomb,42,6,4.0255528255528255,4070,4070,5.719869e-12,2.115965e-06,512
rice_golomb,43,5,4.276690159227356,3831,3831,3.8197223e-12,1.4216639e-06,512
rice_golomb,44,5,4.257796257796258,3848,3848,3.968914e-11,4.336238e-06,512
rice_golomb,45,5,4.785046728971962,3424,3424,5.5071225e-13,5.562324e-07,512
rice_golomb,46,6,4.000976800976801,4095,4095,3.65985e-12,1.2028031e-06,512
rice_golomb,47,6,4.085785536159601,4010,4010,2.5205393e-12,1.2791716e-06,512
rice_golomb,48,6,3.9470007227174175,4151,4151,7.7928775e-12,2.2742897e-06,512
rice_golomb,49,6,4.0685373727340455,4027,4027,4.1788795e-12,1.648441e-06,512
rice_golomb,50,6,3.876035013011592,4227,4227,4.0336623e-12,1.677312e-06,512
rice_golomb,0,6,4.1384187926244005,7918,7918,1.7669755e-10,1.0826159e-05,1024
rice_golomb,1,6,4.059967785900136,8071,8071,5.0149662e-11,5.9083104e-06,1024
rice_golomb,2,6,3.906067469305042,8389,8389,1.2096324e-11,3.0468218e-06,1024
rice_golomb,3,6,4.144700227675183,7906,7906,2.040812e-12,8.9546666e-07,1024
rice_golomb,4,6,4.110386352232815,7972,7972,1.9689694e-11,2.9797666e-06,1024
rice_golomb,5,5,4.718214542836573,6945,6945,1.6515261e-12,1.0827789e-06,1024
rice_golomb,6,6,3.8939988116458704,8415,8415,2.3249846e-11,4.4973567e-06,1024
rice_golomb,7,6,3.987344852762229,8218,8218,3.3781422e-11,4.4154003e-06,1024
rice_golomb,8,6,4.152578887340008,7891,7891,5.3252402e-12,1.5234109e-06,1024
rice_golomb,9,6,3.990258158792012,8212,8212,9.0327745e-12,2.6915222e-06,1024
rice_golomb,10,6,3.9728419010669254,8248,8248,1.7492674e-12,9.331852e-07,1024
rice_golomb,11,6,3.9766990291262134,8240,8240,1.4763746e-12,8.3772466e-07,1024
rice_golomb,12,6,4.0619809098797575,8067,8067,1.7094798e-12,1.1109514e-06,1024
rice_golomb,13,6,4.079173409685049,8033,8033,1.03368425e-11,2.2305176e-06,1024
rice_golomb,14,5,4.4203426413058144,7413,7413,1.7338353e-12,9.979121e-07,1024
rice_golomb,15,5,4.244009843284549,7721,7721,1.0199064e-11,2.5699846e-06,1024
rice_golomb,16,5,4.251719216296873,7707,7707,3.851846e-12,1.580047e-06,1024
rice_golomb,17,5,4.2210485636996005,7763,7763,2.543965e-12,1.1441298e-06,1024
rice_golomb,18,5,4.812454104861213,6809,6809,3.0952494e-11,4.5094057e-06,1024
rice_golomb,19,5,4.263335935467083,7686,7686,1.9421194e-11,3.7376303e-06,1024
rice_golomb,20,6,4.125912868295139,7942,7942,4.7050835e-11,5.37117e-06,1024
rice_golomb,21,6,4.115548857071087,7962,7962,1.9716173e-11,3.4028199e-06,1024
rice_golomb,22,6,4.017655713585091,8156,8156,3.3660186e-11,5.081296e-06,1024
rice_golomb,23,6,3.96419066053714,8266,8266,8.560264e-12,2.47173e-06,1024
rice_golomb,24,6,4.023575638506876,8144,8144,1.0135226e-12,7.059425e-07,1024
